Region,Languages,Domain
Abkhazia,"Abkhaz,Russian",
Afghanistan,"Pashto,Dari",google.com.af
Albania,Albanian,google.al
Algeria,"Arabic,Tamazight",google.dz
Andorra,Catalan,google.ad
Angola,Portuguese,google.co.ao
Antigua and Barbuda,English,google.com.ag
Argentina,Spanish,google.com.ar
Armenia,Armenian,google.am
Artsakh,Armenian,
Australia,English,google.com.au
Austria,German,google.at
Azerbaijan,,google.az
Bahamas,English,google.bs
Bahrain,Arabic,google.com.bh
Bangladesh,Bengali,google.com.bd
Barbados,English,
Belarus,"Belarusian,Russian",google.by
Belgium,"Dutch, French, German",google.be
Belize,English,google.com.bz
Benin,French,google.bj
Bhutan,Dzongkha,google.bt
Bolivia,"Castilian,",google.com.bo
Bosnia and Herzegovina,"Bosnian ,Croatian ,Serbian",google.ba
Botswana,"English,Tswana",google.co.bw
Brazil,Portuguese,google.com.br
Brunei,"Malay,English",google.com.bn
Bulgaria,Bulgarian,google.bg
Burkina Faso,French,google.bf
Burundi,"French,Kirundi,English",google.bi
Cambodia,Khmer,google.com.kh
Cameroon,"English,French",google.cm
Canada,"English ,French",google.ca
Cape Verde,Portuguese,google.cv
Central African Republic,French,google.cf
Chad,"Arabic,French",google.td
Chile,Spanish,google.cl
China,Mandarin,google.cn
Colombia,Spanish,google.com.co
Comoros,"Arabic,Comorian,French",
Democratic Republic of the Congo,French,google.cd
Republic of the Congo,French,google.cg
Costa Rica,Spanish,google.co.cr
Croatia,Croatian,google.hr
Cuba,Spanish,google.com.cu
Cyprus,"Greek,Turkish",google.com.cy
Czech Republic,"Czech,Slovak",google.cz
Denmark,Danish,google.dk
Djibouti,"Arabic,French",google.dj
Dominica,English,google.dm
Dominican Republic,Spanish,google.com.do
East Timor,"Portuguese,Tetum",
Ecuador,"Spanish,Quechua",google.com.ec
Egypt,Arabic,google.com.eg
El Salvador,Spanish,google.com.sv
Equatorial Guinea,"French,Portuguese,Spanish",
Eritrea,Tigrinya,
Estonia,Estonian,google.ee
Eswatini,"English,Swazi",
Ethiopia,Amharic,google.com.et
Fiji,"English,Fijian,Fiji Hindi",google.com.fj
Finland,"Finnish,Swedish",google.fi
France,French,google.fr
Gabon,French,google.ga
Gambia,English,google.gm
Georgia,Georgian,google.ge
Germany,German,google.de
Ghana,English,google.com.gh
Greece,Greek,google.gr
Grenada,English,
Guatemala,Spanish,google.com.gt
Guinea,French,
Guinea-Bissau,Portuguese,
Guyana,English,google.gy
Haiti,"French,Haitian Creole",google.ht
Honduras,Spanish,google.hn
"Hong Kong, China","Cantonese ,English",
Hungary,Hungarian,google.hu
Iceland,"Icelandic,Icelandic Sign Language",google.is
India,"Hindi,English",google.co.in
Indonesia,Indonesian,google.co.id
Iran,Persian,
Iraq,Arabic,google.iq
Ireland,"English,Irish",google.ie
Israel,Hebrew,google.co.il
Italy,Italian,google.it
Ivory Coast,French,google.ci
Jamaica,English,google.com.jm
Japan,Japanese,google.co.jp
Jordan,Arabic,google.jo
Kazakhstan,"Kazakh, Russian",google.kz
Kenya,English,google.co.ke
Kiribati,English,google.ki
North Korea,Korean,
South Korea,"Korean,Korean Sign Language",google.co.kr
Kosovo,"Albanian,Serbian",
Kuwait,Standard Arabic,google.com.kw
Kyrgyzstan,"Kyrgyz, Russian",google.kg
Laos,Lao,google.la
Latvia,Latvian,google.lv
Lebanon,Arabic,google.com.lb
Lesotho,English,google.co.ls
Liberia,English,
Libya,Arabic,google.com.ly
Liechtenstein,German,google.li
Lithuania,Lithuanian,google.lt
Luxembourg,"French,German,Luxembourgish",google.lu
"Macau, China","Cantonese ,Portuguese",
Madagascar,"French,Malagasy",google.mg
Malawi,"English,Chichewa",google.mw
Malaysia,Malay,google.com.my
Maldives,Dhivehi,google.mv
Mali,French,google.ml
Malta,"English, Maltese",google.com.mt
Sovereign Military Order of Malta,Italian,
Marshall Islands,English,
Mauritania,Arabic,
Mauritius,English,google.mu
Mexico,Spanish,google.com.mx
Federated States of Micronesia,Woleaian,google.fm
Moldova,Romanian,google.md
Monaco,French,
Mongolia,Mongolian,google.mn
Montenegro,"Albanian ,Croatian ,Serbian",google.me
Morocco,"Arabic,Berber",google.co.ma
Mozambique,Portuguese,google.co.mz
Myanmar (Burma),Burmese,
Namibia,English,google.com.na
Nauru,"English,Nauruan",google.nr
Nepal,,google.com.np
Netherlands,Dutch,google.nl
New Zealand,"English ,Maori,New Zealand Sign Language",google.co.nz
Nicaragua,Spanish,google.com.ni
Niger,French,google.ne
Nigeria,English,google.com.ng
North Macedonia,"Macedonian,Albanian",
Northern Cyprus,Turkish,
Norway,"Norwegian,Sami",google.no
Oman,Arabic,google.com.om
Pakistan,"English,Urdu",google.com.pk
Palau,"English,Palauan",
Palestine,Arabic,google.ps
Panama,Spanish,google.com.pa
Papua New Guinea,"English,Hiri Motu,PNG Sign Language,Tok Pisin",google.com.pg
Paraguay,"Spanish,Guaraní",google.com.py
Peru,"Spanish,Aymara,Quechua",google.com.pe
Philippines,"English,Filipino,Filipino Sign Language",google.com.ph
Poland,Polish,google.pl
Portugal,Portuguese,google.pt
Qatar,Arabic,google.com.qa
Romania,Romanian,google.ro
Russia,Russian,google.ru
Rwanda,"English,French,Kinyarwanda,Swahili",google.rw
Sahrawi Arab Democratic Republic,"Tamazight,Arabic,Spanish",
Saint Kitts and Nevis,English,
Saint Lucia,English,google.com.lc
Saint Vincent and the Grenadines,English,google.com.vc
Samoa,English,google.ws
San Marino,Italian,google.sm
São Tomé and Príncipe,Portuguese,google.st
Saudi Arabia,Arabic,google.com.sa
Senegal,French,google.sn
Serbia,Serbian,google.rs
Seychelles,"English,French,Seychellois Creole",google.sc
Sierra Leone,English,google.com.sl
Singapore,"English,Malay,Mandarin,Tamil",google.com.sg
Slovakia,Slovak,google.sk
Slovenia,Slovene,google.si
Solomon Islands,English,google.com.sb
Somalia,Arabic,google.so
Somaliland,"Arabic,English,Somali",
South Africa,"Afrikaans,English,Southern Ndebele,Sotho,Northern Sotho,Swazi,Tsonga,Tswana,Venda,Xhosa,Zulu",google.co.za
South Ossetia,"Ossetian,Russian",
South Sudan,English,
Spain,Spanish,google.es
Sri Lanka,"Sinhala,Tamil",google.lk
Sudan,"Arabic,English",
Suriname,Dutch,google.sr
Sweden,Swedish,google.se
Switzerland,"French ,German ,Italian ,Romansh",google.ch
Syria,Arabic,
Taiwan,Mandarin,google.com.tw
Tajikistan,Tajik,google.com.tj
Tanzania,English,google.co.tz
Thailand,Thai,google.co.th
Togo,French,google.tg
Tonga,English,google.to
Transnistria,"Moldovan,Russian,Ukrainian",
Trinidad and Tobago,English,google.tt
Tunisia,Arabic,google.tn
Turkey,Turkish,google.com.tr
Turkmenistan,Turkmen,google.tm
Tuvalu,English,
Uganda,"English,Swahili",google.co.ug
Ukraine,Ukrainian,google.com.ua
United Arab Emirates,Arabic,google.ae
United Kingdom,English,google.co.uk
United States,English,google.com
Uruguay,Spanish,google.com.uy
Uzbekistan,Uzbek,google.co.uz
Vanuatu,"English,French",google.vu
Vatican City,Italian,
Venezuela,"Spanish,Venezuelan Sign Language",google.co.ve
Vietnam,,google.com.vn
Yemen,Arabic,
Zambia,English,google.co.zm
Zimbabwe,"Chewa,Chibarwe,English,Kalanga,Khoisan,Nambya,Ndau,Ndebele,Shangani,Shona,Sign language,Sotho,Tonga,Tswana,Venda,Xhosa",google.co.zw
